a5_error_rate,a5_p95_ms,a5_safe,attempt_id,b5_error_rate,b5_p95_ms,b5_safe,normalized_p95_difference_b_minus_a,order,replication_id,y
0.0,27.747471300000033,True,1,0.0,132.07382355000027,True,0.20865270450000048,B5->A5,c001,0
0.0,59.94445935000002,True,1,0.13923611111111112,10000.3555248,False,19.8808221309,A5->B5,c002,1
0.0,143.12104790000004,True,1,0.1751736111111111,10000.6531996,False,19.7150643034,B5->A5,c003,1
0.00017361111111111112,43.26975345,True,1,0.0,150.75878835,True,0.2149780698,A5->B5,c004,0
0.0,139.95311720000004,True,1,0.7354166666666667,10001.0891347,False,19.722272035,B5->A5,c005,1
0.0,87.42999680000007,True,2,0.26788194444444446,10000.88178125,False,19.8269035689,A5->B5,c006,1
0.0,98.00871525000008,True,1,0.990625,10001.1752588,False,19.8063330871,B5->A5,c007,1
0.0,86.51932380000005,True,1,0.22847222222222222,10000.81566725,False,19.828592686900002,B5->A5,c008,1
0.0,75.28868550000007,True,1,0.20572916666666666,10000.709115,False,19.850840859,A5->B5,c009,1
0.0,79.70733825000006,True,1,0.3355902777777778,10000.9975594,False,19.8425804423,A5->B5,c010,1
0.00017361111111111112,58.6963761,True,1,0.0,222.9503085500001,True,0.32850786490000017,B5->A5,c011,0
0.00017361111111111112,184.6418208,True,1,0.9925347222222223,10001.15836595,False,19.6330330903,B5->A5,c012,1
0.0,169.7840444500001,True,1,0.9717013888888889,10001.150186750001,False,19.662732284600004,B5->A5,c013,1
0.0,166.92731050000003,True,1,0.32534722222222223,10000.974998000002,False,19.668095375000004,B5->A5,c014,1
0.0,109.53272415000019,True,1,0.15381944444444445,10000.56659375,False,19.7820677392,A5->B5,c015,1
0.0,159.4633483,True,1,0.8821180555555556,10001.119607249999,False,19.6833125179,B5->A5,c016,1
0.0,178.87389955000003,True,1,0.5133680555555555,10001.005000000001,False,19.644262200900002,B5->A5,c017,1
0.0,112.22376525000006,True,1,0.6451388888888889,10001.133786800001,False,19.7778200431,A5->B5,c018,1
0.0,179.38994050000005,True,1,0.6616319444444444,10001.1182363,False,19.643456591600003,B5->A5,c019,1
0.0,61.2737587,True,1,0.30625,10000.8930669,False,19.879238616400002,A5->B5,c020,1
0.0,177.55609175000004,True,1,0.9486111111111111,10001.17834185,False,19.6472445002,B5->A5,c021,1
0.0,107.97603485000005,True,1,0.9871527777777778,10001.168868,False,19.7863856663,B5->A5,c022,1
0.0,87.47162215000002,True,1,0.43038194444444444,10001.003932,False,19.8270646197,B5->A5,c023,1
0.0,57.75771825,True,1,0.0,186.83902180000004,True,0.25816260710000005,B5->A5,c024,0
0.0,98.18290820000001,True,1,0.6871527777777777,10001.0870881,False,19.805808359799997,B5->A5,c025,1
0.0,97.45655465000004,True,1,0.9671875,10001.148086399999,False,19.807383063499998,B5->A5,c026,1
0.0,190.21513835000002,True,1,0.9237847222222222,10001.15648095,False,19.6218826852,A5->B5,c027,1
0.0,87.42668985000002,True,1,0.13663194444444443,10000.4424746,False,19.8260315695,B5->A5,c028,1
0.0,92.0268594,True,1,0.4560763888888889,10000.949205550001,False,19.8178446923,B5->A5,c029,1
0.00017361111111111112,159.33949135000003,True,1,0.9611111111111111,10001.121235999999,False,19.6835634893,B5->A5,c030,1
0.0,176.4267067,True,1,0.8923611111111112,10001.1515141,False,19.649449614799998,A5->B5,c031,1
0.0,172.55514475000007,True,1,0.49201388888888886,10001.0488213,False,19.6569873531,A5->B5,c032,1
0.0,134.0457775000001,True,1,0.5706597222222223,10001.0972884,False,19.734103021800003,A5->B5,c033,1
0.0,179.86028515000007,True,1,0.9005208333333333,10001.137507,False,19.6425544437,A5->B5,c034,1
0.0,93.55917550000007,True,1,0.0,580.7720659000001,False,0.9744257808000002,A5->B5,c035,1
0.0,175.26304220000003,True,1,0.9991319444444444,10001.162853999998,False,19.651799623599995,A5->B5,c036,1
0.0,177.05221225000003,True,1,0.9213541666666667,10001.1653092,False,19.648226193899998,A5->B5,c037,1
0.0,68.91001620000009,True,1,0.0,330.6064491000003,True,0.5233928658000004,A5->B5,c038,0
0.00017361111111111112,176.78893015000003,True,1,0.8241319444444445,10001.1094737,False,19.6486410871,A5->B5,c039,1
0.0,164.60105830000006,True,1,0.7741319444444444,10001.07510175,False,19.6729480869,A5->B5,c040,1
0.0,122.98714930000004,True,1,0.7560763888888888,10001.1330874,False,19.756291876200002,A5->B5,c041,1
0.0,109.67040595000006,True,1,0.15329861111111112,10000.56651925,False,19.7817922266,A5->B5,c042,1
0.0,92.62845540000004,True,1,0.8866319444444445,10001.1031082,False,19.8169493056,B5->A5,c043,1
0.0,78.99543780000005,True,1,0.4630208333333333,10000.97393005,False,19.8439569845,B5->A5,c044,1
0.0,73.22053705000005,True,1,0.0,295.22479875000005,True,0.4440085234,B5->A5,c045,0
0.0,171.22786920000007,True,1,0.8378472222222222,10001.134010599999,False,19.659812282799997,A5->B5,c046,1
0.0,109.05248535000001,True,1,0.9340277777777778,10001.1543252,False,19.7842036797,A5->B5,c047,1
0.0,38.81426445000006,True,1,0.0,121.36260800000008,True,0.16509668710000006,A5->B5,c048,0
0.0,169.74648455000002,True,1,0.9543402777777777,10001.15671325,False,19.662820457400002,A5->B5,c049,1
0.00017361111111111112,79.06957195000001,True,1,0.0,415.0463835000001,True,0.6719536231000002,A5->B5,c050,0
0.0,167.9031548,True,1,0.9404513888888889,10001.104190600001,False,19.6664020716,B5->A5,c051,1
0.0,55.638615450000025,True,1,0.0,223.2041877,True,0.3351311444999999,B5->A5,c052,0
0.0,154.39983220000016,True,1,0.8743055555555556,10001.14770635,False,19.6934957483,B5->A5,c053,1
0.0,205.60331050000005,True,1,0.9755208333333333,10001.1925832,False,19.5911785454,A5->B5,c054,1
0.0,162.15638020000011,True,1,0.9977430555555555,10001.15706,False,19.6780013596,B5->A5,c055,1
0.0,55.3155276,True,1,0.19166666666666668,10000.66594865,False,19.8907008421,B5->A5,c056,1
0.0,97.13117315000001,True,1,0.9869791666666666,10001.1135819,False,19.807964817499997,A5->B5,c057,1
0.0,92.38150905000005,True,1,0.47291666666666665,10001.0171912,False,19.8172713643,B5->A5,c058,1
0.0,89.16784975,True,1,0.13559027777777777,10000.4397081,False,19.8225437167,B5->A5,c059,1
0.0,185.25438965,True,1,0.4111111111111111,10001.030894099998,False,19.6315530089,A5->B5,c060,1
0.0,227.1037154000001,True,1,0.8017361111111111,10001.117805,False,19.5480281792,A5->B5,c061,1
0.00017361111111111112,193.41056300000002,True,1,0.8798611111111111,10001.1081369,False,19.6153951478,A5->B5,c062,1
0.00017361111111111112,92.07629490000004,True,1,0.9887152777777778,10001.12845075,False,19.8181043117,B5->A5,c063,1
0.0,146.79810775,True,1,0.7267361111111111,10001.0972094,False,19.7085982033,A5->B5,c064,1
0.0,86.67982200000019,True,1,0.5791666666666667,10001.03388925,False,19.8287081345,A5->B5,c065,1
0.0,116.74731085000005,True,1,0.9598958333333333,10001.1415984,False,19.7687885751,B5->A5,c066,1
0.0,111.12963785000014,True,1,0.2829861111111111,10000.94779025,False,19.779636304799997,A5->B5,c067,1
0.0,94.45727725000002,True,1,0.35746527777777776,10001.0069786,False,19.8130994027,A5->B5,c068,1
0.0,170.68299035,True,1,0.7282986111111112,10001.0889912,False,19.660812001700002,A5->B5,c069,1
0.0,172.12100515000003,True,1,0.8996527777777777,10001.1370006,False,19.6580319909,A5->B5,c070,1
0.0,159.38336135000003,True,1,0.7213541666666666,10001.114036399998,False,19.6834613501,B5->A5,c071,1
0.0,116.10944530000008,True,1,0.9545138888888889,10001.158127499999,False,19.770097364399998,A5->B5,c072,1
0.0,102.36874925000002,True,1,0.4939236111111111,10001.0198984,False,19.7973022983,A5->B5,c073,1
0.0,175.89659275000008,True,1,0.4262152777777778,10000.943718499999,False,19.6500942515,A5->B5,c074,1
0.0,57.5772421000001,True,1,0.0,264.85448040000006,True,0.41455447659999994,B5->A5,c075,0
0.0,53.34169545000002,True,1,0.0,284.22021540000003,True,0.4617570399,B5->A5,c076,0
0.0,116.52529425000009,True,1,0.9699652777777777,10001.136646,False,19.769222703500002,A5->B5,c077,1
0.0,86.31254880000007,True,1,0.8050347222222223,10001.0941418,False,19.829563185999998,A5->B5,c078,1
0.0,93.51275895000002,True,1,0.9824652777777778,10001.235824,False,19.815446130099996,B5->A5,c079,1
0.0,189.10102645000006,True,1,0.41875,10001.034490799999,False,19.623866928699996,B5->A5,c080,1
0.0,90.00251055000011,True,1,0.0,474.89623315000006,True,0.7697874451999999,A5->B5,c081,0
0.0,232.85383845000027,True,1,0.9175347222222222,10001.2007051,False,19.536693733299998,B5->A5,c082,1
0.0,111.98209725000002,True,1,0.0,516.7011580500001,False,0.8094381216000002,A5->B5,c083,1
0.0,166.85375140000005,True,1,0.9387152777777777,10001.2323257,False,19.6687571486,A5->B5,c084,1
0.0,85.1170008000001,True,1,0.1449652777777778,10000.5452016,False,19.8308564016,A5->B5,c085,1
0.0,186.43972985000005,True,1,0.8536458333333333,10001.139583,False,19.6293997063,A5->B5,c086,1
0.0,103.21910460000001,True,1,0.3875,10001.014061,False,19.795589912799997,B5->A5,c087,1
0.0,146.2719958,True,1,0.20572916666666666,10000.742572399999,False,19.708941153199998,B5->A5,c088,1
0.0,186.4696968000001,True,1,0.9713541666666666,10001.1399357,False,19.629340477799996,B5->A5,c089,1
0.0,161.79594685,True,1,0.7946180555555555,10001.104814249999,False,19.6786177348,B5->A5,c090,1
0.0,218.13595560000002,True,1,0.5210069444444444,10001.0531165,False,19.565834321799997,B5->A5,c091,1
0.0,186.62687540000002,True,1,0.7663194444444444,10001.132524600001,False,19.629011298400005,A5->B5,c092,1
0.0,135.16189,True,1,0.4310763888888889,10000.97443,False,19.73162508,A5->B5,c093,1
0.00017361111111111112,150.04608170000003,True,1,0.9348958333333334,10001.1572573,False,19.7022223512,B5->A5,c094,1
0.0,197.85610370000003,True,1,0.9432291666666667,10001.1470403,False,19.6065818732,A5->B5,c095,1
0.0,157.4791428,True,1,0.6243055555555556,10001.08437,False,19.6872104544,B5->A5,c096,1
0.0,101.56594195000028,True,1,0.49149305555555556,10001.0812437,False,19.7990306035,A5->B5,c097,1
0.00034722222222222224,100.73015930000004,True,1,0.19114583333333332,10000.7099132,False,19.7999595078,B5->A5,c098,1
0.0,58.64609715000013,True,1,0.0,284.1628728500001,True,0.45103355139999995,B5->A5,c099,0
0.0,79.10726365000002,True,1,0.0,465.31630915000005,True,0.772418091,B5->A5,c100,0
0.0,101.64896470000002,True,1,0.6154513888888888,10001.11082625,False,19.7989237231,B5->A5,c101,1
0.00017361111111111112,176.47195380000002,True,1,0.6232638888888888,10001.0877811,False,19.649231654599998,A5->B5,c102,1
0.0,53.17712100000005,True,1,0.03819444444444445,460.1430126,False,0.8139317831999999,B5->A5,c103,1
0.0,107.1447283500001,True,1,0.9262152777777778,10001.15848625,False,19.7880275158,A5->B5,c104,1
0.0,226.37856805,True,1,0.8083333333333333,10001.190805499999,False,19.549624474899996,B5->A5,c105,1
0.0,128.45825050000016,True,1,0.9909722222222223,10001.18199655,False,19.7454474921,B5->A5,c106,1
0.0,127.96201200000004,True,1,0.9491319444444445,10001.1395192,False,19.7463550144,B5->A5,c107,1
0.0,49.474002700000014,True,1,0.0,251.15256695000005,True,0.40335712850000005,B5->A5,c108,0
0.0,103.06761845000001,True,1,0.9663194444444444,10001.15122775,False,19.7961672186,A5->B5,c109,1
0.0,59.69673780000003,True,1,0.0,238.34374345000012,True,0.3572940113000002,A5->B5,c110,0
0.0,107.29440750000003,True,1,0.5628472222222223,10001.06701,False,19.787545205,A5->B5,c111,1
0.0,112.75206010000002,True,1,0.6965277777777777,10001.1160146,False,19.776727909,B5->A5,c112,1
0.0,101.93135950000001,True,1,0.0,679.65916075,False,1.1554556025,A5->B5,c113,1
0.0,179.73518620000007,True,1,0.6555555555555556,10001.11990175,False,19.6427694311,B5->A5,c114,1
0.0,57.025978850000016,True,1,0.15659722222222222,10000.6882865,False,19.8873246153,B5->A5,c115,1
0.0,51.95583935000004,True,1,0.0,219.17614480000023,True,0.3344406109000004,B5->A5,c116,0
0.0,56.66741010000001,True,1,0.15138888888888888,10000.5016972,False,19.887668574199996,B5->A5,c117,1
0.0,100.74822510000003,True,1,0.14357638888888888,10000.498769200001,False,19.799501088200003,B5->A5,c118,1
0.00034722222222222224,60.30378255,True,1,0.0,181.88700775000024,True,0.24316645040000048,A5->B5,c119,0
0.00034722222222222224,58.43435110000001,True,1,0.0,341.76176615,True,0.5666548301000001,A5->B5,c120,0
0.0,146.25500965000003,True,1,0.15677083333333333,10000.6118122,False,19.7087136051,A5->B5,c121,1
0.00017361111111111112,89.2973301000001,True,1,0.6069444444444444,10001.104577,False,19.8236144938,B5->A5,c122,1
0.0,87.31318910000005,True,1,0.17395833333333333,10000.549977249999,False,19.8264735763,A5->B5,c123,1
0.0,178.98851945,True,1,0.9713541666666666,10001.14530345,False,19.644313567999998,A5->B5,c124,1
0.0,119.12890675000013,True,1,0.2107638888888889,10000.807309,False,19.7633568045,A5->B5,c125,1
0.0,138.97333610000015,True,1,0.4354166666666667,10000.969627999999,False,19.723992583799998,A5->B5,c126,1
0.0,56.34297245000001,True,1,0.0,299.5155880500001,True,0.4863452312000001,B5->A5,c127,0
0.00017361111111111112,195.60658535000002,True,1,0.8755208333333333,10001.1319175,False,19.611050664300002,A5->B5,c128,1
0.0,157.19400095,True,1,0.21163194444444444,10000.795638750002,False,19.687203275600005,A5->B5,c129,1
0.00017361111111111112,41.76221635000002,True,1,0.6784722222222223,10001.0076414,False,19.9184908501,B5->A5,c130,1
0.0,226.25057355,True,1,0.984375,10001.14208875,False,19.5497830304,A5->B5,c131,1
0.00017361111111111112,180.82995815000007,True,1,0.5668402777777778,10001.0443732,False,19.640428830100003,B5->A5,c132,1
0.0,107.3382378,True,1,0.21597222222222223,10000.8005413,False,19.786924606999996,B5->A5,c133,1
0.0,57.40105695000006,True,1,0.29010416666666666,10000.8636105,False,19.8869251071,A5->B5,c134,1
0.0,78.82873415000003,True,1,0.12621527777777777,10000.610564199998,False,19.843563660099996,B5->A5,c135,1
0.0,177.08968480000001,True,1,0.9572916666666667,10001.150888,False,19.648122406400002,B5->A5,c136,1
0.0,40.476266700000004,True,1,0.0,142.83840295000002,True,0.20472427250000005,B5->A5,c137,0
0.00017361111111111112,113.81289300000002,True,1,0.9230902777777777,10001.1658506,False,19.7747059152,A5->B5,c138,1
0.0,66.61755350000001,True,2,0.5449652777777778,10001.01390785,False,19.8687927087,A5->B5,c139,1
0.0,151.37050835000002,True,1,0.36215277777777777,10000.894381600001,False,19.6990477465,B5->A5,c140,1
0.0,158.89197520000002,True,1,0.5315972222222223,10001.0483822,False,19.684312814000002,B5->A5,c141,1
0.0,53.215697150000004,True,1,0.0,250.77740210000005,True,0.39512340990000006,A5->B5,c142,0
0.0,98.64681940000003,True,1,0.9885416666666667,10001.189455,False,19.8050852712,B5->A5,c143,1
0.0,100.07310555000001,True,1,0.6046875,10001.0958352,False,19.8020454593,B5->A5,c144,1
0.0,157.94231995000013,True,1,0.17256944444444444,10000.6680667,False,19.6854514935,A5->B5,c145,1
0.0,112.10892500000003,True,1,0.9788194444444445,10001.1549218,False,19.7780919936,A5->B5,c146,1
0.0,103.8903082,True,1,0.7746527777777777,10001.1191208,False,19.7944576252,A5->B5,c147,1
0.0,89.52558020000012,True,1,0.17760416666666667,10000.69652945,False,19.822341898500003,B5->A5,c148,1
0.0,62.471323900000016,True,1,0.0,238.96963815000004,True,0.3529966285,A5->B5,c149,0
0.00017361111111111112,99.88802685,True,1,0.0,634.9695086500001,False,1.0701629636000003,A5->B5,c150,1
0.0,167.54989380000018,True,1,0.3324652777777778,10000.9154516,False,19.6667311156,A5->B5,c151,1
0.0,203.46812555000002,True,1,0.6111111111111112,10001.0527628,False,19.5951692745,A5->B5,c152,1
0.0,103.50222635000004,True,1,0.6121527777777778,10001.060516200001,False,19.795116579700004,B5->A5,c153,1
0.0,163.12630715000003,True,1,0.815625,10001.1192248,False,19.6759858353,A5->B5,c154,1
0.0,55.5064583000001,True,1,0.0,244.07742110000015,True,0.3771419256000001,B5->A5,c155,0
0.0,97.43575490000006,True,1,0.7526041666666666,10001.1166166,False,19.8073617234,B5->A5,c156,1
0.0,58.028789550000006,True,1,0.0,225.94919825000002,True,0.33584081740000005,A5->B5,c157,0
0.0,106.69300525000018,True,1,0.9793402777777778,10001.1508366,False,19.7889156627,B5->A5,c158,1
0.0,256.5661782000001,True,1,0.9322916666666666,10001.4639598,False,19.489795563199998,B5->A5,c159,1
0.0,60.9125986,True,1,0.15503472222222223,10000.5628862,False,19.8793005752,A5->B5,c160,1
0.0,85.01886250000003,True,1,0.0,486.98898945,True,0.8039402539,A5->B5,c161,0
0.0,180.32943485,True,1,0.8336805555555555,10001.154913499999,False,19.641650957299998,B5->A5,c162,1
0.0,179.93782950000002,True,1,0.6409722222222223,10001.11627615,False,19.642356893299997,B5->A5,c163,1
0.0,95.9788095,True,1,0.3940972222222222,10000.9940656,False,19.810030512199997,A5->B5,c164,1
0.0,101.22018375000009,True,1,0.9723958333333333,10001.126448300001,False,19.799812529100002,A5->B5,c165,1
0.0,105.3467236,True,1,0.7185763888888889,10001.122789,False,19.7915521308,B5->A5,c166,1
0.0,181.2091364,True,1,0.2682291666666667,10000.92304125,False,19.6394278097,A5->B5,c167,1
0.00017361111111111112,159.95389265000009,True,1,0.38125,10000.9591683,False,19.6820105513,B5->A5,c168,1
0.00017361111111111112,64.49635025,True,1,0.22899305555555555,10000.7574906,False,19.872522280700004,B5->A5,c169,1
0.0,101.5979139500001,True,1,0.9164930555555556,10001.129373,False,19.7990629181,B5->A5,c170,1
0.00017361111111111112,93.14180755000005,True,1,0.28958333333333336,10000.8152265,False,19.8153468379,A5->B5,c171,1
0.0,53.500045650000004,True,1,0.0,262.9650345500001,True,0.4189299778000002,B5->A5,c172,0
0.0,90.2735907,True,1,0.9696180555555556,10001.1544429,False,19.8217617044,B5->A5,c173,1
0.0,54.116438400000014,True,1,0.0,262.89816885,True,0.41756346089999996,B5->A5,c174,0
0.0,166.55998605000005,True,1,0.9355902777777778,10001.1402031,False,19.6691604341,A5->B5,c175,1
0.00017361111111111112,173.15966300000008,True,1,0.7753472222222222,10001.12028075,False,19.6559212355,B5->A5,c176,1
0.0,174.33267490000003,True,1,0.9720486111111111,10001.2132285,False,19.6537611072,A5->B5,c177,1
0.0,175.4040845000001,True,1,0.703125,10001.0979235,False,19.651387678,A5->B5,c178,1
0.0,57.94795470000005,True,1,0.0,250.0517566000001,True,0.3842076038000001,A5->B5,c179,0
0.0,95.13078650000004,True,1,0.5116319444444445,10001.0842498,False,19.8119069266,A5->B5,c180,1
0.0,178.39676624999998,True,1,0.9314236111111112,10001.1234332,False,19.6454533339,B5->A5,c181,1
0.0,53.80993655,True,1,0.0,168.2592934000001,True,0.2288987137000002,A5->B5,c182,0
0.0,191.29439340000002,True,1,0.9322916666666666,10001.1852572,False,19.619781727600003,A5->B5,c183,1
0.0,88.96346250000002,True,1,0.15243055555555557,10000.583986,False,19.823241047,B5->A5,c184,1
0.0,103.62915830000001,True,1,0.30850694444444443,10000.93789,False,19.794617463399998,B5->A5,c185,1
0.0,170.4205053000001,True,1,0.3581597222222222,10000.959296750001,False,19.661077582900003,A5->B5,c186,1
0.0,94.46740425000011,True,1,0.29131944444444446,10000.836758,False,19.812738707499996,A5->B5,c187,1
0.0,97.2449836000001,True,1,0.24513888888888888,10000.86309605,False,19.8072362249,A5->B5,c188,1
0.0,220.44598295000006,True,1,0.9588541666666667,10001.2074145,False,19.561522863100002,B5->A5,c189,1
0.0,100.83603300000001,True,1,0.4947916666666667,10001.026589500001,False,19.800381113000004,A5->B5,c190,1
0.0,109.86406800000005,True,1,0.6486111111111111,10001.0998222,False,19.782471508399997,B5->A5,c191,1
0.0,193.3990727,True,1,1.0,10001.1725344,False,19.6155469234,B5->A5,c192,1
0.00017361111111111112,93.71804675000003,True,1,0.0,522.52647935,False,0.8576168652,A5->B5,c193,1
0.0,101.92581570000004,True,1,0.0,554.5959831000001,False,0.9053403348000002,A5->B5,c194,1
0.0,195.39726055000003,True,1,0.9168402777777778,10001.141329,False,19.6114881369,A5->B5,c195,1
0.0,82.59015475000021,True,1,0.0,520.6388497500003,False,0.8760973900000001,B5->A5,c196,1
0.00017361111111111112,104.54749670000001,True,1,0.0,495.10935700000005,True,0.7811237206,A5->B5,c197,0
0.0,58.332886600000016,True,1,0.0,242.0705364000001,True,0.36747529960000014,A5->B5,c198,0
0.0,105.79254405,True,1,0.7019097222222223,10001.1087243,False,19.7906323605,B5->A5,c199,1
0.0,292.28200705,True,1,0.7789930555555555,10001.1353505,False,19.4177066869,B5->A5,c200,1
0.0,169.93250165000006,True,1,0.9715277777777778,10001.156259250001,False,19.6624475152,A5->B5,c201,1
0.0,75.01499235000001,True,1,0.22569444444444445,10000.78103125,False,19.8515320778,B5->A5,c202,1
0.0,172.98122199999997,True,1,0.6723958333333333,10001.10517085,False,19.6562478977,A5->B5,c203,1
0.0,103.09528040000001,True,1,0.5206597222222222,10001.0978135,False,19.7960050662,A5->B5,c204,1
0.0,92.71239235000002,True,1,0.9597222222222223,10001.1478555,False,19.8168709263,A5->B5,c205,1
0.0,160.82010010000016,True,1,0.5480902777777777,10001.0446941,False,19.680449187999997,B5->A5,c206,1
0.0,178.0783688500001,True,1,0.2503472222222222,10000.85176025,False,19.6455467828,B5->A5,c207,1
0.0,89.14177185000007,True,1,0.6057291666666667,10001.0498265,False,19.8238161093,B5->A5,c208,1
0.0,141.8272685,True,1,0.8038194444444444,10001.1653843,False,19.718676231600003,B5->A5,c209,1
0.0,176.52406790000003,True,1,0.9251736111111111,10001.1310645,False,19.6492139932,B5->A5,c210,1
0.0,95.78865545000004,True,1,0.9875,10001.1532538,False,19.8107291967,B5->A5,c211,1
0.0,107.04796995000004,True,1,0.3463541666666667,10000.9229176,False,19.787749895300003,A5->B5,c212,1
0.0,139.46638770000004,True,1,0.3072916666666667,10000.8803913,False,19.722828007199997,B5->A5,c213,1
0.0,93.63092135000002,True,1,0.2517361111111111,10000.812894,False,19.8143639453,B5->A5,c214,1
0.0,183.78946365000002,True,1,0.5565972222222222,10001.0904936,False,19.6346020599,A5->B5,c215,1
0.0,169.59886225000008,True,1,0.7710069444444444,10001.126719,False,19.663055713499997,B5->A5,c216,1
0.00017361111111111112,88.66038505000006,True,1,0.128125,10000.3936184,False,19.8234664667,A5->B5,c217,1
0.0,82.51048095000003,True,1,0.0,313.55524910000014,True,0.4620895363000002,B5->A5,c218,0
0.00017361111111111112,110.72008105000002,True,1,0.6307291666666667,10001.0694356,False,19.7806987091,B5->A5,c219,1
0.00017361111111111112,139.61323325000004,True,1,0.0876736111111111,10000.5692105,False,19.721911954499998,A5->B5,c220,1
0.0,157.32197930000024,True,1,0.3734375,10000.8995808,False,19.687155203,A5->B5,c221,1
0.0,102.85807615000009,True,1,0.0,636.1799264500002,False,1.0666437006,A5->B5,c222,1
0.0,103.80485265000002,True,1,0.0,587.4997687500002,False,0.9673898322000002,B5->A5,c223,1
0.0,172.99850455000004,True,1,0.00017361111111111112,608.8484141000001,False,0.8716998191000003,A5->B5,c224,1
0.0,115.91080149999999,True,1,0.14340277777777777,10000.8068888,False,19.7697921746,A5->B5,c225,1
0.00017361111111111112,117.78640625000004,True,1,0.17829861111111112,10000.661342,False,19.7657498715,A5->B5,c226,1
0.00017361111111111112,169.7746835,True,1,0.971875,10001.155466,False,19.662761565,B5->A5,c227,1
0.0,57.339536850000044,True,1,0.0,331.442672,True,0.5482062702999999,A5->B5,c228,0
0.0,165.24721675000006,True,1,0.6861111111111111,10001.0729968,False,19.6716515601,B5->A5,c229,1
0.0,107.1247385500002,True,1,0.7253472222222223,10001.13567,False,19.7880218629,B5->A5,c230,1
0.0,143.32405350000002,True,1,0.528125,10001.05049085,False,19.7154528747,B5->A5,c231,1
0.0,104.0510721000002,True,2,0.5888888888888889,10001.070430200001,False,19.7940387162,B5->A5,c232,1
0.0,100.057157,True,1,0.0,540.4795670500001,False,0.8808448201000002,A5->B5,c233,1
0.0,188.16537265000002,True,1,0.3607638888888889,10000.934931,False,19.625539116699997,B5->A5,c234,1
0.0,173.61328605000008,True,1,1.0,10001.1802008,False,19.6551338295,B5->A5,c235,1
0.0,91.07975655000006,True,1,0.4984375,10001.031923499999,False,19.8199043339,B5->A5,c236,1
0.0,100.85219045000007,True,1,0.9625,10001.14612075,False,19.8005878606,B5->A5,c237,1
0.0,202.20727800000003,True,1,0.9708333333333333,10001.153912799999,False,19.597893269599997,A5->B5,c238,1
0.0,146.55522235,True,1,0.9583333333333334,10001.121168,False,19.7091318913,B5->A5,c239,1
0.0,104.43680715000009,True,1,0.8675347222222223,10001.1360555,False,19.7933984967,A5->B5,c240,1
0.0,202.01987710000006,True,1,0.8164930555555555,10001.1341822,False,19.5982286102,A5->B5,c241,1
0.0,83.15585095,True,1,0.008854166666666666,429.95180275000007,True,0.6935919036000001,A5->B5,c242,0
0.0,104.25112970000005,True,1,0.1701388888888889,10000.627645249999,False,19.7927530311,A5->B5,c243,1
0.00017361111111111112,129.01859855,True,1,0.9727430555555555,10001.1759975,False,19.744314797900003,A5->B5,c244,1
0.00017361111111111112,160.71882630000005,True,1,0.7322916666666667,10001.120882,False,19.680804111399997,A5->B5,c245,1
0.0,158.5264092,True,1,0.5701388888888889,10001.044808999999,False,19.6850367996,B5->A5,c246,1
0.00017361111111111112,68.32709875,True,1,0.19322916666666667,10000.71566,False,19.8647771225,A5->B5,c247,1
0.00017361111111111112,88.42873540000001,True,1,0.0,504.30502640000026,False,0.8317525820000006,A5->B5,c248,1
0.0,163.71286695000003,True,1,1.0,10001.1618741,False,19.674898014300002,B5->A5,c249,1
0.0,101.21020115000005,True,1,0.9331597222222222,10001.1462444,False,19.799872086500002,A5->B5,c250,1
0.0,114.75401480000005,True,1,0.19253472222222223,10000.7752108,False,19.772042392,B5->A5,c251,1
0.0,106.57660350000002,True,1,0.26180555555555557,10000.903908650002,False,19.788654610300004,A5->B5,c252,1
0.00017361111111111112,102.60437315000001,True,1,0.8310763888888889,10001.1348299,False,19.7970609135,B5->A5,c253,1
0.00017361111111111112,112.94346875000002,True,1,0.9545138888888889,10001.1770256,False,19.7764671137,B5->A5,c254,1
0.0,116.42974335000002,True,1,0.2376736111111111,10000.9042381,False,19.7689489895,B5->A5,c255,1
0.0,105.38937220000008,True,1,0.4496527777777778,10001.012659,False,19.791246573600002,B5->A5,c256,1
